<?xml version="1.0" encoding="utf-8"?>
<tags>
   <tag>
      <uid>IMAGE_INDICES</uid>
      <module>Indexing</module>
      <class>public</class>
      <attributes>
         <attribute>
            <class>variable</class>
            <path>analysis_modules.Indexing.results.indices</path>
         </attribute>
         <attribute>
            <class>settings</class>
            <path>xr6id8zqdpkvqxp10fxbg</path>
         </attribute>
      </attributes>
      <validity>illimited</validity>
      <timestamp>736105.598102942</timestamp>
   </tag>
   <tag>
      <uid>Generic_Image</uid>
      <module>Projection</module>
      <class>data</class>
      <attributes>
         <attribute>
            <class>file</class>
            <path>/Users/davide/Desktop/test/8bitDataset/example_analysis/Analysis/ProjIm.mat</path>
         </attribute>
         <attribute>
            <class>settings</class>
            <path>x5xr8xnlp5otrhqv4la55</path>
         </attribute>
      </attributes>
      <validity>illimited</validity>
      <timestamp>736105.598357427</timestamp>
   </tag>
   <tag>
      <uid>Generic_Image_TSerie</uid>
      <module>Stack_Registration</module>
      <class>data</class>
      <attributes>
         <attribute>
            <class>file</class>
            <path>/Users/davide/Desktop/test/8bitDataset/example_analysis/Analysis/RegIm.mat</path>
         </attribute>
         <attribute>
            <class>settings</class>
            <path>xrpj18xr32unxxim9bruc</path>
         </attribute>
      </attributes>
      <validity>illimited</validity>
      <timestamp>736105.598553698</timestamp>
   </tag>
   <tag>
      <uid>Generic_Image_ZSerie</uid>
      <module>Loader</module>
      <class>data</class>
      <attributes>
         <attribute>
            <class>variable</class>
            <path>source=file</path>
         </attribute>
      </attributes>
      <validity>illimited</validity>
      <timestamp>736105.598134068</timestamp>
   </tag>
   <tag>
      <uid>PROJECTED_IMAGE</uid>
      <module>Projection</module>
      <class>graphics</class>
      <attributes>
         <attribute>
            <class>file</class>
            <path>/Users/davide/Desktop/test/8bitDataset/example_analysis/Analysis/ProjIm.mat</path>
         </attribute>
         <attribute>
            <class>settings</class>
            <path>x5xr8xnlp5otrhqv4la55</path>
         </attribute>
      </attributes>
      <validity>illimited</validity>
      <timestamp>736105.598357432</timestamp>
   </tag>
   <tag>
      <uid>PROJECTED_SURFACE</uid>
      <module>Projection</module>
      <class>null</class>
      <attributes>
         <attribute>
            <class>file</class>
            <path>/Users/davide/Desktop/test/8bitDataset/example_analysis/Analysis/Surfaces.mat</path>
         </attribute>
         <attribute>
            <class>settings</class>
            <path>x5xr8xnlp5otrhqv4la55</path>
         </attribute>
      </attributes>
      <validity>illimited</validity>
      <timestamp>736105.598357433</timestamp>
   </tag>
   <tag>
      <uid>REGISTERED_IMAGE</uid>
      <module>Stack_Registration</module>
      <class>graphics</class>
      <attributes>
         <attribute>
            <class>file</class>
            <path>/Users/davide/Desktop/test/8bitDataset/example_analysis/Analysis/RegIm.mat</path>
         </attribute>
         <attribute>
            <class>settings</class>
            <path>xrpj18xr32unxxim9bruc</path>
         </attribute>
      </attributes>
      <validity>illimited</validity>
      <timestamp>736105.598553729</timestamp>
   </tag>
   <tag>
      <uid>CLAHE_IMAGE</uid>
      <module>Contrast_Enhancement</module>
      <class>graphics</class>
      <attributes>
         <attribute>
            <class>file</class>
            <path>/Users/davide/Desktop/test/8bitDataset/example_analysis/Analysis/RegIm_wClahe.mat</path>
         </attribute>
         <attribute>
            <class>settings</class>
            <path>x02t61gqyu0g9gj7ie1l6</path>
         </attribute>
      </attributes>
      <validity>illimited</validity>
      <timestamp>736105.598746976</timestamp>
   </tag>
   <tag>
      <uid>SEGMENTED_IMAGE</uid>
      <module>Segmentation</module>
      <class>graphics</class>
      <attributes>
         <attribute>
            <class>file</class>
            <path>/Users/davide/Desktop/test/8bitDataset/example_analysis/Analysis/SegResults.mat</path>
         </attribute>
         <attribute>
            <class>settings</class>
            <path>xtaburuq5ik90o2hv2z1i</path>
         </attribute>
      </attributes>
      <validity>illimited</validity>
      <timestamp>736105.599397658</timestamp>
   </tag>
   <tag>
      <uid>TRACKING_FILE</uid>
      <module>Segmentation</module>
      <class>null</class>
      <attributes>
         <attribute>
            <class>file</class>
            <path>/Users/davide/Desktop/test/8bitDataset/example_analysis/Analysis/TrackingStart.mat</path>
         </attribute>
         <attribute>
            <class>settings</class>
            <path>xtaburuq5ik90o2hv2z1i</path>
         </attribute>
      </attributes>
      <validity>illimited</validity>
      <timestamp>736105.599397659</timestamp>
   </tag>
</tags>