<?xml version="1.0" encoding="utf-8"?>
<main>
   <analysis_code>736105.81</analysis_code>
   <analysis_name>16bit_example_analysis</analysis_name>
   <user_name>davide</user_name>
   <user_department>IMLS</user_department>
   <platform_id>64:108:113:91:124:6</platform_id>
   <platform_units>1</platform_units>
   <platform_desc>Darwin 12.6.0 Darwin Kernel Version 12.6.0: Wed Mar 18 16:23:48 PDT 2015; root:xnu-2050.48.19~1/RELEASE_X86_64 x86_64</platform_desc>
   <analysis_version>0</analysis_version>
   <analysis_date>21-May-2015</analysis_date>
   <analysis_modules>
      <Main>
         <data>
            <file1>
               <name>test_set16bit.tif</name>
               <dim_x>203</dim_x>
               <dim_y>210</dim_y>
               <dim_z>11</dim_z>
               <num_channels>1</num_channels>
               <num_timepoints>11</num_timepoints>
               <pixel_type>uint16</pixel_type>
               <exec>[true]</exec>
               <exec_dim_z>1-11</exec_dim_z>
               <exec_channels>1-1</exec_channels>
               <exec_num_timepoints>1-11</exec_num_timepoints>
            </file1>
         </data>
      </Main>
      <Indexing>
         <metadata/>
         <settings/>
         <results>
            <indices>
               <I>1</I>
               <Z>
                  <item>[1 2 3 4 5 6 7 8 9 10 11]</item>
               </Z>
               <C>
                  <item>1</item>
               </C>
               <T>
                  <item>[1 2 3 4 5 6 7 8 9 10 11]</item>
               </T>
            </indices>
         </results>
      </Indexing>
      <Projection>
         <metadata>
            <handle_settings>xuvd326wi9vbtlnmria46</handle_settings>
            <exec_message>Q3</exec_message>
            <exec_dependences>
               <item>IMAGE_INDICES</item>
               <item>Generic_Image_ZSerie</item>
            </exec_dependences>
         </metadata>
         <settings>
            <SmoothingRadius>1</SmoothingRadius>
            <SurfSmoothness1>99.6111</SurfSmoothness1>
            <SurfSmoothness2>35.4444</SurfSmoothness2>
            <ProjectionDepthThreshold>1.2</ProjectionDepthThreshold>
            <InspectResults>0</InspectResults>
            <Parallel>[true]</Parallel>
         </settings>
         <results>
            <projection_path>/Users/davide/Desktop/test/16bitDataset/example_analysis/Analysis/ProjIm.mat</projection_path>
            <surface_path>/Users/davide/Desktop/test/16bitDataset/example_analysis/Analysis/Surfaces.mat</surface_path>
         </results>
      </Projection>
      <Stack_Registration>
         <metadata>
            <handle_settings>x2wkda4una8sxmrazl3i8</handle_settings>
            <exec_message>Q4</exec_message>
         </metadata>
         <settings>
            <useStackReg>0</useStackReg>
            <InspectResults>[true]</InspectResults>
            <Parallel>[true]</Parallel>
            <SkipFirstRegStep>[true]</SkipFirstRegStep>
         </settings>
         <results>
            <registration_path>/Users/davide/Desktop/test/16bitDataset/example_analysis/Analysis/RegIm.mat</registration_path>
         </results>
      </Stack_Registration>
      <Segmentation>
         <metadata>
            <handle_settings>xfw3bc7yuv7n1533axf3b</handle_settings>
            <exec_message>Q5</exec_message>
            <exec_dependences>
               <item>IMAGE_INDICES</item>
               <item>PROJECTED_IMAGE</item>
            </exec_dependences>
            <exec_elapsed_time_seconds>33.568884745</exec_elapsed_time_seconds>
         </metadata>
         <settings>
            <mincellsize>25</mincellsize>
            <sigma1>1</sigma1>
            <threshold>25</threshold>
            <sigma3>2</sigma3>
            <LargeCellSizeThres>3000</LargeCellSizeThres>
            <MergeCriteria>0.35</MergeCriteria>
            <IBoundMax>30</IBoundMax>
            <show>[false]</show>
            <Parallel>[true]</Parallel>
            <use_clahe>0</use_clahe>
            <SingleFrame>[false]</SingleFrame>
            <debug>[false]</debug>
         </settings>
         <results>
            <segmentation_path>/Users/davide/Desktop/test/16bitDataset/example_analysis/Analysis/SegResults.mat</segmentation_path>
            <tracking_path>/Users/davide/Desktop/test/16bitDataset/example_analysis/Analysis/TrackingStart.mat</tracking_path>
         </results>
      </Segmentation>
   </analysis_modules>
   <data_fullpath>/Users/davide/Desktop/test/16bitDataset/example_analysis</data_fullpath>
   <data_imagepath>/Users/davide/Desktop/test/16bitDataset</data_imagepath>
   <data_analysisindir>/Users/davide/Desktop/test/16bitDataset/example_analysis/Analysis</data_analysisindir>
   <data_analysisoutdir>/Users/davide/Desktop/test/16bitDataset/example_analysis/Analysis</data_analysisoutdir>
   <data_benchmarkdir/>
   <data_extensionmask>.xml</data_extensionmask>
   <icy_is_used>0</icy_is_used>
   <exec_commandline>[false]</exec_commandline>
   <exec_sandboxinuse>[false]</exec_sandboxinuse>
</main>