<?xml version="1.0" encoding="utf-8"?>
<main>
   <analysis_code>736105.81</analysis_code>
   <analysis_name>8bit_example_analysis</analysis_name>
   <user_name>davide</user_name>
   <user_department>IMLS</user_department>
   <platform_id>64:108:113:91:124:6</platform_id>
   <platform_units>1</platform_units>
   <platform_desc>Darwin 12.6.0 Darwin Kernel Version 12.6.0: Wed Mar 18 16:23:48 PDT 2015; root:xnu-2050.48.19~1/RELEASE_X86_64 x86_64</platform_desc>
   <analysis_version>0</analysis_version>
   <analysis_date>21-May-2015</analysis_date>
   <analysis_modules>
      <Main>
         <data>
            <file1>
               <name>test_set.tif</name>
               <dim_x>206</dim_x>
               <dim_y>199</dim_y>
               <dim_z>30</dim_z>
               <num_channels>1</num_channels>
               <num_timepoints>8</num_timepoints>
               <pixel_type>uint8</pixel_type>
               <exec>[true]</exec>
               <exec_dim_z>1-30</exec_dim_z>
               <exec_channels>1-1</exec_channels>
               <exec_num_timepoints>1-8</exec_num_timepoints>
            </file1>
         </data>
      </Main>
      <Indexing>
         <metadata/>
         <settings/>
         <results>
            <indices>
               <I>1</I>
               <Z>
                  <item>[1 2 3 4 5 6 7 8 9 10 11 12 13 14 15 16 17 18 19 20 21 22 23 24 25 26 27 28 29 30]</item>
               </Z>
               <C>
                  <item>1</item>
               </C>
               <T>
                  <item>[1 2 3 4 5 6 7 8]</item>
               </T>
            </indices>
         </results>
      </Indexing>
      <Projection>
         <metadata>
            <handle_settings>x5xr8xnlp5otrhqv4la55</handle_settings>
            <exec_message>Q3</exec_message>
            <exec_dependences>
               <item>IMAGE_INDICES</item>
               <item>Generic_Image_ZSerie</item>
            </exec_dependences>
         </metadata>
         <settings>
            <SmoothingRadius>1</SmoothingRadius>
            <SurfSmoothness1>30</SurfSmoothness1>
            <SurfSmoothness2>20</SurfSmoothness2>
            <ProjectionDepthThreshold>1.2</ProjectionDepthThreshold>
            <InspectResults>0</InspectResults>
            <Parallel>[true]</Parallel>
         </settings>
         <results>
            <projection_path>/Users/davide/Desktop/test/8bitDataset/example_analysis/Analysis/ProjIm.mat</projection_path>
            <surface_path>/Users/davide/Desktop/test/8bitDataset/example_analysis/Analysis/Surfaces.mat</surface_path>
         </results>
      </Projection>
      <Stack_Registration>
         <metadata>
            <handle_settings>xrpj18xr32unxxim9bruc</handle_settings>
            <exec_message>Q4</exec_message>
         </metadata>
         <settings>
            <useStackReg>1</useStackReg>
            <InspectResults>[true]</InspectResults>
            <Parallel>[true]</Parallel>
            <SkipFirstRegStep>[true]</SkipFirstRegStep>
         </settings>
         <results>
            <registration_path>/Users/davide/Desktop/test/8bitDataset/example_analysis/Analysis/RegIm.mat</registration_path>
         </results>
      </Stack_Registration>
      <Contrast_Enhancement>
         <metadata>
            <handle_settings>x02t61gqyu0g9gj7ie1l6</handle_settings>
            <exec_message>Q5</exec_message>
            <exec_elapsed_time_seconds>0.245158991</exec_elapsed_time_seconds>
         </metadata>
         <settings>
            <enhancement_limit>0.02</enhancement_limit>
            <enhancement_width>30</enhancement_width>
         </settings>
         <results>
            <clahe_path>/Users/davide/Desktop/test/8bitDataset/example_analysis/Analysis/RegIm_wClahe.mat</clahe_path>
         </results>
      </Contrast_Enhancement>
      <Segmentation>
         <metadata>
            <handle_settings>xtaburuq5ik90o2hv2z1i</handle_settings>
            <exec_message>Q6</exec_message>
            <exec_dependences>
               <item>CLAHE_IMAGE</item>
            </exec_dependences>
            <exec_elapsed_time_seconds>24.023166695</exec_elapsed_time_seconds>
         </metadata>
         <settings>
            <mincellsize>25</mincellsize>
            <sigma1>1</sigma1>
            <threshold>25</threshold>
            <sigma3>2</sigma3>
            <LargeCellSizeThres>3000</LargeCellSizeThres>
            <MergeCriteria>0.35</MergeCriteria>
            <IBoundMax>30</IBoundMax>
            <show>[false]</show>
            <Parallel>[true]</Parallel>
            <use_clahe>1</use_clahe>
            <SingleFrame>[false]</SingleFrame>
            <debug>[false]</debug>
         </settings>
         <results>
            <segmentation_path>/Users/davide/Desktop/test/8bitDataset/example_analysis/Analysis/SegResults.mat</segmentation_path>
            <tracking_path>/Users/davide/Desktop/test/8bitDataset/example_analysis/Analysis/TrackingStart.mat</tracking_path>
         </results>
      </Segmentation>
   </analysis_modules>
   <data_fullpath>/Users/davide/Desktop/test/8bitDataset/example_analysis</data_fullpath>
   <data_imagepath>/Users/davide/Desktop/test/8bitDataset</data_imagepath>
   <data_analysisindir>/Users/davide/Desktop/test/8bitDataset/example_analysis/Analysis</data_analysisindir>
   <data_analysisoutdir>/Users/davide/Desktop/test/8bitDataset/example_analysis/Analysis</data_analysisoutdir>
   <data_benchmarkdir/>
   <data_extensionmask>.xml</data_extensionmask>
   <icy_is_used>0</icy_is_used>
   <exec_commandline>[false]</exec_commandline>
   <exec_sandboxinuse>[false]</exec_sandboxinuse>
</main>