<?xml version="1.0" encoding="utf-8"?>
<tags>
   <tag>
      <uid>IMAGE_INDICES</uid>
      <module>Indexing</module>
      <class>public</class>
      <attributes>
         <attribute>
            <class>variable</class>
            <path>analysis_modules.Indexing.results.indices</path>
         </attribute>
         <attribute>
            <class>settings</class>
            <path>xzdzdp4zxh2oev3dn1qh7</path>
         </attribute>
      </attributes>
      <validity>illimited</validity>
      <timestamp>736105.602790516</timestamp>
   </tag>
   <tag>
      <uid>Generic_Image</uid>
      <module>Projection</module>
      <class>data</class>
      <attributes>
         <attribute>
            <class>file</class>
            <path>/Users/davide/Desktop/test/16bitDataset/example_analysis/Analysis/ProjIm.mat</path>
         </attribute>
         <attribute>
            <class>settings</class>
            <path>xuvd326wi9vbtlnmria46</path>
         </attribute>
      </attributes>
      <validity>illimited</validity>
      <timestamp>736105.60392819</timestamp>
   </tag>
   <tag>
      <uid>Generic_Image_TSerie</uid>
      <module>Stack_Registration</module>
      <class>data</class>
      <attributes>
         <attribute>
            <class>file</class>
            <path>/Users/davide/Desktop/test/16bitDataset/example_analysis/Analysis/RegIm.mat</path>
         </attribute>
         <attribute>
            <class>settings</class>
            <path>x2wkda4una8sxmrazl3i8</path>
         </attribute>
      </attributes>
      <validity>illimited</validity>
      <timestamp>736105.604424513</timestamp>
   </tag>
   <tag>
      <uid>Generic_Image_ZSerie</uid>
      <module>Loader</module>
      <class>data</class>
      <attributes>
         <attribute>
            <class>variable</class>
            <path>source=file</path>
         </attribute>
      </attributes>
      <validity>illimited</validity>
      <timestamp>736105.602822065</timestamp>
   </tag>
   <tag>
      <uid>PROJECTED_IMAGE</uid>
      <module>Projection</module>
      <class>graphics</class>
      <attributes>
         <attribute>
            <class>file</class>
            <path>/Users/davide/Desktop/test/16bitDataset/example_analysis/Analysis/ProjIm.mat</path>
         </attribute>
         <attribute>
            <class>settings</class>
            <path>xuvd326wi9vbtlnmria46</path>
         </attribute>
      </attributes>
      <validity>illimited</validity>
      <timestamp>736105.603928195</timestamp>
   </tag>
   <tag>
      <uid>PROJECTED_SURFACE</uid>
      <module>Projection</module>
      <class>null</class>
      <attributes>
         <attribute>
            <class>file</class>
            <path>/Users/davide/Desktop/test/16bitDataset/example_analysis/Analysis/Surfaces.mat</path>
         </attribute>
         <attribute>
            <class>settings</class>
            <path>xuvd326wi9vbtlnmria46</path>
         </attribute>
      </attributes>
      <validity>illimited</validity>
      <timestamp>736105.603928196</timestamp>
   </tag>
   <tag>
      <uid>REGISTERED_IMAGE</uid>
      <module>Stack_Registration</module>
      <class>graphics</class>
      <attributes>
         <attribute>
            <class>file</class>
            <path>/Users/davide/Desktop/test/16bitDataset/example_analysis/Analysis/RegIm.mat</path>
         </attribute>
         <attribute>
            <class>settings</class>
            <path>x2wkda4una8sxmrazl3i8</path>
         </attribute>
      </attributes>
      <validity>illimited</validity>
      <timestamp>736105.604424516</timestamp>
   </tag>
   <tag>
      <uid>SEGMENTED_IMAGE</uid>
      <module>Segmentation</module>
      <class>graphics</class>
      <attributes>
         <attribute>
            <class>file</class>
            <path>/Users/davide/Desktop/test/16bitDataset/example_analysis/Analysis/SegResults.mat</path>
         </attribute>
         <attribute>
            <class>settings</class>
            <path>xfw3bc7yuv7n1533axf3b</path>
         </attribute>
      </attributes>
      <validity>illimited</validity>
      <timestamp>736105.605894369</timestamp>
   </tag>
   <tag>
      <uid>TRACKING_FILE</uid>
      <module>Segmentation</module>
      <class>null</class>
      <attributes>
         <attribute>
            <class>file</class>
            <path>/Users/davide/Desktop/test/16bitDataset/example_analysis/Analysis/TrackingStart.mat</path>
         </attribute>
         <attribute>
            <class>settings</class>
            <path>xfw3bc7yuv7n1533axf3b</path>
         </attribute>
      </attributes>
      <validity>illimited</validity>
      <timestamp>736105.60589437</timestamp>
   </tag>
</tags>